3.200000e+03, 5.500000e+00
3.200196e+03, 1.975000e+01
3.200391e+03, 2.475000e+01
3.200587e+03, 2.325000e+01
3.200782e+03, 1.400000e+01
3.200978e+03, 7.000000e+00
3.201173e+03, 7.000000e+00
3.201369e+03, 2.000000e+01
3.201564e+03, 2.125000e+01
3.201760e+03, 1.500000e+01
3.201955e+03, 7.500000e+00
3.202151e+03, -2.250000e+00
3.202346e+03, 9.250000e+00
3.202542e+03, 1.350000e+01
3.202737e+03, 1.175000e+01
3.202933e+03, 1.000000e+01
3.203128e+03, -2.250000e+00
3.203324e+03, -4.500000e+00
3.203519e+03, 1.500000e+01
3.203715e+03, 1.325000e+01
3.203910e+03, 2.300000e+01
3.204106e+03, 1.800000e+01
3.204301e+03, 1.825000e+01
3.204497e+03, 8.750000e+00
3.204692e+03, 7.250000e+00
3.204888e+03, 4.750000e+00
3.205083e+03, 2.500000e-01
3.205279e+03, 8.750000e+00
3.205474e+03, 4.500000e+00
3.205670e+03, 1.000000e+00
3.205865e+03, -2.500000e+00
3.206061e+03, -9.500000e+00
3.206256e+03, -2.250000e+00
3.206452e+03, -2.500000e-01
3.206647e+03, 6.500000e+00
3.206843e+03, 2.000000e+00
3.207038e+03, 1.250000e+00
3.207234e+03, 3.750000e+00
3.207429e+03, -5.500000e+00
3.207625e+03, -2.500000e-01
3.207820e+03, -1.100000e+01
3.208016e+03, -1.300000e+01
3.208211e+03, -9.250000e+00
3.208407e+03, -2.500000e+00
3.208602e+03, -5.000000e-01
3.208798e+03, 9.750000e+00
3.208993e+03, 7.250000e+00
3.209189e+03, 7.000000e+00
3.209384e+03, 3.750000e+00
3.209580e+03, 1.075000e+01
3.209775e+03, -4.250000e+00
3.209971e+03, -1.075000e+01
3.210166e+03, -9.500000e+00
3.210362e+03, -1.150000e+01
3.210557e+03, -2.500000e+00
3.210753e+03, -9.250000e+00
3.210948e+03, 4.250000e+00
3.211144e+03, 1.750000e+00
3.211339e+03, -5.750000e+00
3.211535e+03, -2.500000e-01
3.211730e+03, -1.000000e+01
3.211926e+03, 3.500000e+00
3.212121e+03, 1.125000e+01
3.212317e+03, 1.125000e+01
3.212512e+03, 8.250000e+00
3.212708e+03, 1.175000e+01
3.212903e+03, 1.250000e+01
3.213099e+03, 6.250000e+00
3.213294e+03, -3.000000e+00
3.213490e+03, -1.750000e+00
3.213685e+03, 2.750000e+00
3.213881e+03, -5.250000e+00
3.214076e+03, 5.750000e+00
3.214272e+03, 1.000000e+00
3.214467e+03, 1.075000e+01
3.214663e+03, 5.750000e+00
3.214858e+03, -2.250000e+00
3.215054e+03, 6.500000e+00
3.215249e+03, 6.500000e+00
3.215445e+03, 6.250000e+00
3.215640e+03, 9.750000e+00
3.215836e+03, 1.250000e+01
3.216031e+03, 1.900000e+01
3.216227e+03, 1.225000e+01
3.216422e+03, 3.500000e+00
3.216618e+03, -1.250000e+00
3.216813e+03, 2.500000e-01
3.217009e+03, -1.250000e+01
3.217204e+03, -1.350000e+01
3.217400e+03, -1.000000e+00
3.217595e+03, 1.050000e+01
3.217791e+03, 2.500000e-01
3.217986e+03, -4.500000e+00
3.218182e+03, 4.000000e+00
3.218377e+03, 2.750000e+00
3.218573e+03, -1.000000e+00
3.218768e+03, -1.025000e+01
3.218964e+03, -3.000000e+00
3.219159e+03, -6.750000e+00
3.219355e+03, 1.500000e+00
3.219550e+03, 4.250000e+00
3.219746e+03, 1.275000e+01
3.219941e+03, 2.000000e+01
3.220137e+03, 1.450000e+01
3.220332e+03, 9.250000e+00
3.220528e+03, 4.250000e+00
3.220723e+03, -8.250000e+00
3.220919e+03, -6.750000e+00
3.221114e+03, -7.000000e+00
3.221310e+03, -8.750000e+00
3.221505e+03, -1.425000e+01
3.221701e+03, -4.500000e+00
3.221896e+03, -7.000000e+00
3.222092e+03, -1.200000e+01
3.222287e+03, -7.250000e+00
3.222483e+03, -8.500000e+00
3.222678e+03, 3.250000e+00
3.222874e+03, -1.250000e+00
3.223069e+03, 1.750000e+00
3.223265e+03, -3.250000e+00
3.223460e+03, 5.500000e+00
3.223656e+03, 2.250000e+00
3.223851e+03, -1.250000e+01
3.224047e+03, -9.250000e+00
3.224242e+03, -2.000000e+00
3.224438e+03, 5.000000e-01
3.224633e+03, -7.500000e-01
3.224829e+03, 2.500000e+00
3.225024e+03, 6.000000e+00
3.225220e+03, -4.250000e+00
3.225415e+03, 1.375000e+01
3.225611e+03, 1.425000e+01
3.225806e+03, 2.150000e+01
3.226002e+03, 1.900000e+01
3.226197e+03, 1.000000e+00
3.226393e+03, 7.500000e-01
3.226588e+03, 3.750000e+00
3.226784e+03, 1.125000e+01
3.226979e+03, 3.250000e+00
3.227175e+03, 2.500000e-01
3.227370e+03, 2.500000e+00
3.227566e+03, 7.750000e+00
3.227761e+03, 1.325000e+01
3.227957e+03, 7.000000e+00
3.228152e+03, 1.575000e+01
3.228348e+03, 2.750000e+00
3.228543e+03, -7.500000e+00
3.228739e+03, 2.250000e+00
3.228935e+03, 8.500000e+00
3.229130e+03, 1.500000e+01
3.229326e+03, 1.975000e+01
3.229521e+03, 1.400000e+01
3.229717e+03, 9.000000e+00
3.229912e+03, -1.250000e+00
3.230108e+03, -7.500000e-01
3.230303e+03, -4.750000e+00
3.230499e+03, -4.500000e+00
3.230694e+03, -4.250000e+00
3.230890e+03, -1.750000e+00
3.231085e+03, 4.750000e+00
3.231281e+03, -4.750000e+00
3.231476e+03, 8.250000e+00
3.231672e+03, 5.250000e+00
3.231867e+03, 7.750000e+00
3.232063e+03, 1.500000e+01
3.232258e+03, 1.200000e+01
3.232454e+03, -4.250000e+00
3.232649e+03, -2.250000e+00
3.232845e+03, -2.500000e-01
3.233040e+03, -6.500000e+00
3.233236e+03, -2.250000e+00
3.233431e+03, 1.000000e+01
3.233627e+03, 9.500000e+00
3.233822e+03, 6.500000e+00
3.234018e+03, 1.150000e+01
3.234213e+03, 6.750000e+00
3.234409e+03, 6.500000e+00
3.234604e+03, 1.475000e+01
3.234800e+03, 4.500000e+00
3.234995e+03, 1.000000e+01
3.235191e+03, 1.775000e+01
3.235386e+03, 1.050000e+01
3.235582e+03, 2.075000e+01
3.235777e+03, 9.750000e+00
3.235973e+03, 4.250000e+00
3.236168e+03, 8.500000e+00
3.236364e+03, 1.725000e+01
3.236559e+03, 1.000000e+01
3.236755e+03, 1.150000e+01
3.236950e+03, 1.825000e+01
3.237146e+03, 1.350000e+01
3.237341e+03, 1.225000e+01
3.237537e+03, 8.750000e+00
3.237732e+03, 2.075000e+01
3.237928e+03, 2.425000e+01
3.238123e+03, 2.475000e+01
3.238319e+03, 2.475000e+01
3.238514e+03, 1.675000e+01
3.238710e+03, 1.200000e+01
3.238905e+03, 1.300000e+01
3.239101e+03, 7.750000e+00
3.239296e+03, 1.925000e+01
3.239492e+03, 2.625000e+01
3.239687e+03, 2.225000e+01
3.239883e+03, 2.475000e+01
3.240078e+03, 1.300000e+01
3.240274e+03, 1.650000e+01
3.240469e+03, 1.225000e+01
3.240665e+03, 1.350000e+01
3.240860e+03, 1.650000e+01
3.241056e+03, 2.850000e+01
3.241251e+03, 2.650000e+01
3.241447e+03, 2.225000e+01
3.241642e+03, 2.975000e+01
3.241838e+03, 3.525000e+01
3.242033e+03, 3.775000e+01
3.242229e+03, 3.925000e+01
3.242424e+03, 4.400000e+01
3.242620e+03, 5.175000e+01
3.242815e+03, 4.575000e+01
3.243011e+03, 4.150000e+01
3.243206e+03, 4.575000e+01
3.243402e+03, 3.525000e+01
3.243597e+03, 3.300000e+01
3.243793e+03, 2.975000e+01
3.243988e+03, 3.425000e+01
3.244184e+03, 3.825000e+01
3.244379e+03, 3.850000e+01
3.244575e+03, 3.600000e+01
3.244770e+03, 3.200000e+01
3.244966e+03, 2.875000e+01
3.245161e+03, 2.600000e+01
3.245357e+03, 3.225000e+01
3.245552e+03, 4.075000e+01
3.245748e+03, 5.550000e+01
3.245943e+03, 4.550000e+01
3.246139e+03, 4.825000e+01
3.246334e+03, 4.650000e+01
3.246530e+03, 4.100000e+01
3.246725e+03, 3.425000e+01
3.246921e+03, 4.025000e+01
3.247116e+03, 5.000000e+01
3.247312e+03, 5.025000e+01
3.247507e+03, 3.975000e+01
3.247703e+03, 3.225000e+01
3.247898e+03, 2.825000e+01
3.248094e+03, 2.700000e+01
3.248289e+03, 2.225000e+01
3.248485e+03, 1.625000e+01
3.248680e+03, 1.500000e+01
3.248876e+03, 3.200000e+01
3.249071e+03, 3.200000e+01
3.249267e+03, 3.100000e+01
3.249462e+03, 2.725000e+01
3.249658e+03, 3.625000e+01
3.249853e+03, 3.750000e+01
3.250049e+03, 3.475000e+01
3.250244e+03, 3.850000e+01
3.250440e+03, 3.200000e+01
3.250635e+03, 4.950000e+01
3.250831e+03, 6.300000e+01
3.251026e+03, 6.350000e+01
3.251222e+03, 6.125000e+01
3.251417e+03, 5.600000e+01
3.251613e+03, 5.775000e+01
3.251808e+03, 6.500000e+01
3.252004e+03, 6.025000e+01
3.252199e+03, 7.075000e+01
3.252395e+03, 7.875000e+01
3.252590e+03, 8.275000e+01
3.252786e+03, 7.875000e+01
3.252981e+03, 7.300000e+01
3.253177e+03, 7.825000e+01
3.253372e+03, 9.400000e+01
3.253568e+03, 9.425000e+01
3.253763e+03, 9.875000e+01
3.253959e+03, 1.000000e+02
3.254154e+03, 8.725000e+01
3.254350e+03, 7.825000e+01
3.254545e+03, 9.075000e+01
3.254741e+03, 9.300000e+01
3.254936e+03, 9.075000e+01
3.255132e+03, 9.100000e+01
3.255327e+03, 9.900000e+01
3.255523e+03, 1.002500e+02
3.255718e+03, 1.052500e+02
3.255914e+03, 9.700000e+01
3.256109e+03, 1.062500e+02
3.256305e+03, 1.207500e+02
3.256500e+03, 1.247500e+02
3.256696e+03, 1.255000e+02
3.256891e+03, 1.162500e+02
3.257087e+03, 1.167500e+02
3.257283e+03, 1.165000e+02
3.257478e+03, 1.117500e+02
3.257674e+03, 1.190000e+02
3.257869e+03, 1.202500e+02
3.258065e+03, 1.245000e+02
3.258260e+03, 1.225000e+02
3.258456e+03, 1.197500e+02
3.258651e+03, 1.147500e+02
3.258847e+03, 1.162500e+02
3.259042e+03, 1.230000e+02
3.259238e+03, 1.272500e+02
3.259433e+03, 1.237500e+02
3.259629e+03, 1.182500e+02
3.259824e+03, 1.277500e+02
3.260020e+03, 1.385000e+02
3.260215e+03, 1.420000e+02
3.260411e+03, 1.350000e+02
3.260606e+03, 1.327500e+02
3.260802e+03, 1.400000e+02
3.260997e+03, 1.377500e+02
3.261193e+03, 1.387500e+02
3.261388e+03, 1.420000e+02
3.261584e+03, 1.515000e+02
3.261779e+03, 1.485000e+02
3.261975e+03, 1.552500e+02
3.262170e+03, 1.567500e+02
3.262366e+03, 1.627500e+02
3.262561e+03, 1.610000e+02
3.262757e+03, 1.675000e+02
3.262952e+03, 1.637500e+02
3.263148e+03, 1.690000e+02
3.263343e+03, 1.722500e+02
3.263539e+03, 1.610000e+02
3.263734e+03, 1.647500e+02
3.263930e+03, 1.702500e+02
3.264125e+03, 1.585000e+02
3.264321e+03, 1.520000e+02
3.264516e+03, 1.520000e+02
3.264712e+03, 1.550000e+02
3.264907e+03, 1.505000e+02
3.265103e+03, 1.585000e+02
3.265298e+03, 1.432500e+02
3.265494e+03, 1.362500e+02
3.265689e+03, 1.287500e+02
3.265885e+03, 1.352500e+02
3.266080e+03, 1.297500e+02
3.266276e+03, 1.245000e+02
3.266471e+03, 1.207500e+02
3.266667e+03, 1.247500e+02
3.266862e+03, 1.222500e+02
3.267058e+03, 1.187500e+02
3.267253e+03, 1.187500e+02
3.267449e+03, 1.170000e+02
3.267644e+03, 1.065000e+02
3.267840e+03, 8.950000e+01
3.268035e+03, 8.875000e+01
3.268231e+03, 9.475000e+01
3.268426e+03, 1.007500e+02
3.268622e+03, 1.147500e+02
3.268817e+03, 9.425000e+01
3.269013e+03, 9.250000e+01
3.269208e+03, 9.400000e+01
3.269404e+03, 9.625000e+01
3.269599e+03, 8.900000e+01
3.269795e+03, 9.475000e+01
3.269990e+03, 9.800000e+01
3.270186e+03, 8.800000e+01
3.270381e+03, 8.625000e+01
3.270577e+03, 9.275000e+01
3.270772e+03, 9.250000e+01
3.270968e+03, 8.675000e+01
3.271163e+03, 8.700000e+01
3.271359e+03, 8.225000e+01
3.271554e+03, 7.750000e+01
3.271750e+03, 8.550000e+01
3.271945e+03, 8.275000e+01
3.272141e+03, 8.850000e+01
3.272336e+03, 7.650000e+01
3.272532e+03, 6.400000e+01
3.272727e+03, 7.025000e+01
3.272923e+03, 6.350000e+01
3.273118e+03, 5.850000e+01
3.273314e+03, 4.650000e+01
3.273509e+03, 4.150000e+01
3.273705e+03, 3.600000e+01
3.273900e+03, 3.425000e+01
3.274096e+03, 2.300000e+01
3.274291e+03, 1.750000e+01
3.274487e+03, 1.625000e+01
3.274682e+03, 1.900000e+01
3.274878e+03, 1.000000e+00
3.275073e+03, -4.250000e+00
3.275269e+03, 3.500000e+00
3.275464e+03, -2.500000e+00
3.275660e+03, 5.000000e-01
3.275855e+03, -1.250000e+00
3.276051e+03, 3.250000e+00
3.276246e+03, 7.000000e+00
3.276442e+03, -5.750000e+00
3.276637e+03, -1.400000e+01
3.276833e+03, -1.725000e+01
3.277028e+03, -1.075000e+01
3.277224e+03, -6.000000e+00
3.277419e+03, -8.250000e+00
3.277615e+03, -1.575000e+01
3.277810e+03, -2.050000e+01
3.278006e+03, -1.425000e+01
3.278201e+03, -9.750000e+00
3.278397e+03, -6.500000e+00
3.278592e+03, -1.575000e+01
3.278788e+03, -1.075000e+01
3.278983e+03, -1.350000e+01
3.279179e+03, -5.750000e+00
3.279374e+03, -6.250000e+00
3.279570e+03, 1.750000e+00
3.279765e+03, 1.100000e+01
3.279961e+03, 3.500000e+00
3.280156e+03, 1.650000e+01
3.280352e+03, 2.050000e+01
3.280547e+03, 1.025000e+01
3.280743e+03, 1.400000e+01
3.280938e+03, 2.150000e+01
3.281134e+03, 2.575000e+01
3.281329e+03, 3.325000e+01
3.281525e+03, 4.000000e+01
3.281720e+03, 3.825000e+01
3.281916e+03, 4.425000e+01
3.282111e+03, 4.900000e+01
3.282307e+03, 4.700000e+01
3.282502e+03, 4.650000e+01
3.282698e+03, 5.325000e+01
3.282893e+03, 5.150000e+01
3.283089e+03, 6.025000e+01
3.283284e+03, 6.325000e+01
3.283480e+03, 4.575000e+01
3.283675e+03, 2.900000e+01
3.283871e+03, 2.850000e+01
3.284066e+03, 2.225000e+01
3.284262e+03, 2.025000e+01
3.284457e+03, 1.650000e+01
3.284653e+03, 1.975000e+01
3.284848e+03, 2.275000e+01
3.285044e+03, 2.975000e+01
3.285239e+03, 2.850000e+01
3.285435e+03, 1.725000e+01
3.285630e+03, 1.000000e+01
3.285826e+03, 2.750000e+00
3.286022e+03, 2.500000e+00
3.286217e+03, 9.000000e+00
3.286413e+03, -7.500000e-01
3.286608e+03, 7.500000e-01
3.286804e+03, -1.600000e+01
3.286999e+03, -2.300000e+01
3.287195e+03, -2.700000e+01
3.287390e+03, -2.800000e+01
3.287586e+03, -2.750000e+01
3.287781e+03, -2.475000e+01
3.287977e+03, -2.475000e+01
3.288172e+03, -2.575000e+01
3.288368e+03, -1.975000e+01
3.288563e+03, -2.025000e+01
3.288759e+03, -2.850000e+01
3.288954e+03, -5.100000e+01
3.289150e+03, -4.750000e+01
3.289345e+03, -5.150000e+01
3.289541e+03, -5.750000e+01
3.289736e+03, -6.100000e+01
3.289932e+03, -6.000000e+01
3.290127e+03, -6.300000e+01
3.290323e+03, -6.800000e+01
3.290518e+03, -7.875000e+01
3.290714e+03, -6.950000e+01
3.290909e+03, -8.175000e+01
3.291105e+03, -8.750000e+01
3.291300e+03, -9.025000e+01
3.291496e+03, -7.450000e+01
3.291691e+03, -6.825000e+01
3.291887e+03, -8.350000e+01
3.292082e+03, -8.475000e+01
3.292278e+03, -9.975000e+01
3.292473e+03, -1.117500e+02
3.292669e+03, -1.157500e+02
3.292864e+03, -1.262500e+02
3.293060e+03, -1.330000e+02
3.293255e+03, -1.290000e+02
3.293451e+03, -1.262500e+02
3.293646e+03, -1.195000e+02
3.293842e+03, -1.297500e+02
3.294037e+03, -1.265000e+02
3.294233e+03, -1.310000e+02
3.294428e+03, -1.267500e+02
3.294624e+03, -1.352500e+02
3.294819e+03, -1.440000e+02
3.295015e+03, -1.532500e+02
3.295210e+03, -1.517500e+02
3.295406e+03, -1.515000e+02
3.295601e+03, -1.562500e+02
3.295797e+03, -1.577500e+02
3.295992e+03, -1.520000e+02
3.296188e+03, -1.627500e+02
3.296383e+03, -1.752500e+02
3.296579e+03, -1.710000e+02
3.296774e+03, -1.750000e+02
3.296970e+03, -1.730000e+02
3.297165e+03, -1.732500e+02
3.297361e+03, -1.717500e+02
3.297556e+03, -1.735000e+02
3.297752e+03, -1.745000e+02
3.297947e+03, -1.820000e+02
3.298143e+03, -1.752500e+02
3.298338e+03, -1.655000e+02
3.298534e+03, -1.715000e+02
3.298729e+03, -1.627500e+02
3.298925e+03, -1.557500e+02
3.299120e+03, -1.567500e+02
3.299316e+03, -1.565000e+02
3.299511e+03, -1.555000e+02
3.299707e+03, -1.540000e+02
3.299902e+03, -1.447500e+02
3.300098e+03, -1.562500e+02
3.300293e+03, -1.585000e+02
3.300489e+03, -1.697500e+02
3.300684e+03, -1.627500e+02
3.300880e+03, -1.515000e+02
3.301075e+03, -1.492500e+02
3.301271e+03, -1.427500e+02
3.301466e+03, -1.317500e+02
3.301662e+03, -1.255000e+02
3.301857e+03, -1.205000e+02
3.302053e+03, -1.285000e+02
3.302248e+03, -1.222500e+02
3.302444e+03, -1.337500e+02
3.302639e+03, -1.230000e+02
3.302835e+03, -1.110000e+02
3.303030e+03, -9.900000e+01
3.303226e+03, -1.005000e+02
3.303421e+03, -1.027500e+02
3.303617e+03, -9.800000e+01
3.303812e+03, -9.175000e+01
3.304008e+03, -9.125000e+01
3.304203e+03, -9.850000e+01
3.304399e+03, -1.057500e+02
3.304594e+03, -9.900000e+01
3.304790e+03, -9.575000e+01
3.304985e+03, -9.200000e+01
3.305181e+03, -8.825000e+01
3.305376e+03, -8.625000e+01
3.305572e+03, -9.675000e+01
3.305767e+03, -9.850000e+01
3.305963e+03, -9.025000e+01
3.306158e+03, -8.425000e+01
3.306354e+03, -9.650000e+01
3.306549e+03, -8.975000e+01
3.306745e+03, -8.500000e+01
3.306940e+03, -8.600000e+01
3.307136e+03, -7.725000e+01
3.307331e+03, -7.175000e+01
3.307527e+03, -8.975000e+01
3.307722e+03, -1.002500e+02
3.307918e+03, -1.032500e+02
3.308113e+03, -9.950000e+01
3.308309e+03, -1.047500e+02
3.308504e+03, -1.045000e+02
3.308700e+03, -1.117500e+02
3.308895e+03, -1.062500e+02
3.309091e+03, -1.007500e+02
3.309286e+03, -9.075000e+01
3.309482e+03, -9.525000e+01
3.309677e+03, -9.025000e+01
3.309873e+03, -9.925000e+01
3.310068e+03, -8.950000e+01
3.310264e+03, -8.800000e+01
3.310459e+03, -7.050000e+01
3.310655e+03, -8.200000e+01
3.310850e+03, -9.250000e+01
3.311046e+03, -8.800000e+01
3.311241e+03, -8.175000e+01
3.311437e+03, -8.450000e+01
3.311632e+03, -9.625000e+01
3.311828e+03, -8.850000e+01
3.312023e+03, -8.400000e+01
3.312219e+03, -7.900000e+01
3.312414e+03, -6.900000e+01
3.312610e+03, -6.475000e+01
3.312805e+03, -5.375000e+01
3.313001e+03, -5.375000e+01
3.313196e+03, -5.375000e+01
3.313392e+03, -5.350000e+01
3.313587e+03, -6.425000e+01
3.313783e+03, -7.375000e+01
3.313978e+03, -7.050000e+01
3.314174e+03, -7.050000e+01
3.314370e+03, -6.875000e+01
3.314565e+03, -6.000000e+01
3.314761e+03, -6.975000e+01
3.314956e+03, -6.225000e+01
3.315152e+03, -6.500000e+01
3.315347e+03, -6.875000e+01
3.315543e+03, -7.100000e+01
3.315738e+03, -7.600000e+01
3.315934e+03, -7.675000e+01
3.316129e+03, -7.325000e+01
3.316325e+03, -6.950000e+01
3.316520e+03, -6.325000e+01
3.316716e+03, -6.850000e+01
3.316911e+03, -5.725000e+01
3.317107e+03, -5.350000e+01
3.317302e+03, -4.750000e+01
3.317498e+03, -5.175000e+01
3.317693e+03, -4.175000e+01
3.317889e+03, -3.325000e+01
3.318084e+03, -4.300000e+01
3.318280e+03, -4.550000e+01
3.318475e+03, -3.950000e+01
3.318671e+03, -3.700000e+01
3.318866e+03, -2.725000e+01
3.319062e+03, -4.175000e+01
3.319257e+03, -4.075000e+01
3.319453e+03, -5.025000e+01
3.319648e+03, -3.550000e+01
3.319844e+03, -3.650000e+01
3.320039e+03, -4.200000e+01
3.320235e+03, -3.750000e+01
3.320430e+03, -5.000000e+01
3.320626e+03, -4.725000e+01
3.320821e+03, -4.275000e+01
3.321017e+03, -3.150000e+01
3.321212e+03, -3.125000e+01
3.321408e+03, -3.175000e+01
3.321603e+03, -2.700000e+01
3.321799e+03, -2.500000e+01
3.321994e+03, -3.100000e+01
3.322190e+03, -3.150000e+01
3.322385e+03, -1.625000e+01
3.322581e+03, -2.350000e+01
3.322776e+03, -2.075000e+01
3.322972e+03, -1.975000e+01
3.323167e+03, -2.000000e+01
3.323363e+03, -1.975000e+01
3.323558e+03, -2.750000e+01
3.323754e+03, -3.025000e+01
3.323949e+03, -3.000000e+01
3.324145e+03, -2.700000e+01
3.324340e+03, -2.750000e+01
3.324536e+03, -2.600000e+01
3.324731e+03, -2.750000e+01
3.324927e+03, -2.000000e+01
3.325122e+03, -1.075000e+01
3.325318e+03, -8.500000e+00
3.325513e+03, -6.500000e+00
3.325709e+03, -1.750000e+00
3.325904e+03, -2.250000e+00
3.326100e+03, -9.000000e+00
3.326295e+03, -1.250000e+01
3.326491e+03, -9.750000e+00
3.326686e+03, -1.250000e+00
3.326882e+03, -6.250000e+00
3.327077e+03, -1.000000e+01
3.327273e+03, -1.375000e+01
3.327468e+03, -1.000000e+01
3.327664e+03, -1.775000e+01
3.327859e+03, -1.775000e+01
3.328055e+03, -1.225000e+01
3.328250e+03, -1.225000e+01
3.328446e+03, -2.500000e-01
3.328641e+03, -2.750000e+00
3.328837e+03, -1.450000e+01
3.329032e+03, -2.300000e+01
3.329228e+03, -1.875000e+01
3.329423e+03, -3.500000e+00
3.329619e+03, -3.500000e+00
3.329814e+03, -1.250000e+00
3.330010e+03, -4.000000e+00
3.330205e+03, 6.500000e+00
3.330401e+03, -5.000000e-01
3.330596e+03, -2.500000e-01
3.330792e+03, -1.600000e+01
3.330987e+03, -1.275000e+01
3.331183e+03, -5.750000e+00
3.331378e+03, 2.000000e+00
3.331574e+03, 6.500000e+00
3.331769e+03, 1.250000e+00
3.331965e+03, -3.750000e+00
3.332160e+03, -9.250000e+00
3.332356e+03, -4.750000e+00
3.332551e+03, 2.000000e+00
3.332747e+03, -3.000000e+00
3.332942e+03, -2.750000e+00
3.333138e+03, 6.000000e+00
3.333333e+03, -1.250000e+00
3.333529e+03, -4.500000e+00
3.333724e+03, -9.750000e+00
3.333920e+03, -9.250000e+00
3.334115e+03, -5.000000e+00
3.334311e+03, -1.000000e+00
3.334506e+03, 3.000000e+00
3.334702e+03, 6.000000e+00
3.334897e+03, 1.050000e+01
3.335093e+03, -1.000000e+00
3.335288e+03, -7.250000e+00
3.335484e+03, 4.500000e+00
3.335679e+03, 6.500000e+00
3.335875e+03, 0.000000e+00
3.336070e+03, 4.000000e+00
3.336266e+03, 1.175000e+01
3.336461e+03, 8.000000e+00
3.336657e+03, 5.500000e+00
3.336852e+03, 6.500000e+00
3.337048e+03, 2.500000e-01
3.337243e+03, 5.500000e+00
3.337439e+03, 5.000000e+00
3.337634e+03, 7.250000e+00
3.337830e+03, 1.125000e+01
3.338025e+03, 8.750000e+00
3.338221e+03, 1.225000e+01
3.338416e+03, 1.475000e+01
3.338612e+03, 2.500000e+01
3.338807e+03, 2.950000e+01
3.339003e+03, 2.075000e+01
3.339198e+03, 1.025000e+01
3.339394e+03, 1.200000e+01
3.339589e+03, 6.250000e+00
3.339785e+03, 1.525000e+01
3.339980e+03, 1.225000e+01
3.340176e+03, 6.000000e+00
3.340371e+03, -5.750000e+00
3.340567e+03, -3.250000e+00
3.340762e+03, -1.250000e+01
3.340958e+03, -3.250000e+00
3.341153e+03, -8.750000e+00
3.341349e+03, 2.250000e+00
3.341544e+03, -5.000000e+00
3.341740e+03, 5.000000e-01
3.341935e+03, 1.000000e+00
3.342131e+03, -3.500000e+00
3.342326e+03, 1.000000e+00
3.342522e+03, 5.000000e-01
3.342717e+03, 2.500000e-01
3.342913e+03, 3.000000e+00
3.343109e+03, -6.750000e+00
3.343304e+03, 2.000000e+00
3.343500e+03, -1.000000e+00
3.343695e+03, -1.000000e+00
3.343891e+03, -1.325000e+01
3.344086e+03, -1.650000e+01
3.344282e+03, -2.475000e+01
3.344477e+03, -1.475000e+01
3.344673e+03, -1.075000e+01
3.344868e+03, 5.000000e-01
3.345064e+03, 3.500000e+00
3.345259e+03, 1.000000e+01
3.345455e+03, 5.500000e+00
3.345650e+03, 5.000000e-01
3.345846e+03, 3.000000e+00
3.346041e+03, 1.050000e+01
3.346237e+03, 7.250000e+00
3.346432e+03, 1.250000e+00
3.346628e+03, 5.250000e+00
3.346823e+03, -8.750000e+00
3.347019e+03, -1.750000e+00
3.347214e+03, 4.000000e+00
3.347410e+03, 9.500000e+00
3.347605e+03, 1.500000e+01
3.347801e+03, 1.025000e+01
3.347996e+03, 1.475000e+01
3.348192e+03, 1.100000e+01
3.348387e+03, 1.150000e+01
3.348583e+03, 1.775000e+01
3.348778e+03, 2.000000e+01
3.348974e+03, 2.375000e+01
3.349169e+03, 1.525000e+01
3.349365e+03, 1.375000e+01
3.349560e+03, 8.000000e+00
3.349756e+03, 1.825000e+01
3.349951e+03, 1.475000e+01
3.350147e+03, 2.325000e+01
3.350342e+03, 1.850000e+01
3.350538e+03, 2.150000e+01
3.350733e+03, 1.075000e+01
3.350929e+03, 4.000000e+00
3.351124e+03, 2.750000e+00
3.351320e+03, 8.500000e+00
3.351515e+03, 1.625000e+01
3.351711e+03, 1.475000e+01
3.351906e+03, 1.225000e+01
3.352102e+03, 7.500000e+00
3.352297e+03, 7.250000e+00
3.352493e+03, 1.500000e+00
3.352688e+03, -8.750000e+00
3.352884e+03, -2.500000e-01
3.353079e+03, 5.500000e+00
3.353275e+03, 1.025000e+01
3.353470e+03, 7.500000e-01
3.353666e+03, 3.750000e+00
3.353861e+03, 7.500000e-01
3.354057e+03, 5.000000e-01
3.354252e+03, 3.750000e+00
3.354448e+03, -1.000000e+00
3.354643e+03, 5.000000e-01
3.354839e+03, 8.500000e+00
3.355034e+03, 7.500000e-01
3.355230e+03, -2.500000e+00
3.355425e+03, -2.500000e+00
3.355621e+03, -3.250000e+00
3.355816e+03, 7.500000e-01
3.356012e+03, 4.250000e+00
3.356207e+03, 3.750000e+00
3.356403e+03, 2.500000e+00
3.356598e+03, 1.250000e+00
3.356794e+03, -3.000000e+00
3.356989e+03, 9.000000e+00
3.357185e+03, 5.500000e+00
3.357380e+03, 9.750000e+00
3.357576e+03, 8.250000e+00
3.357771e+03, 4.750000e+00
3.357967e+03, 1.250000e+01
3.358162e+03, 4.750000e+00
3.358358e+03, 2.225000e+01
3.358553e+03, 2.450000e+01
3.358749e+03, 1.125000e+01
3.358944e+03, 1.275000e+01
3.359140e+03, 1.175000e+01
3.359335e+03, 7.500000e+00
3.359531e+03, 3.750000e+00
3.359726e+03, 9.000000e+00
3.359922e+03, 9.500000e+00
3.360117e+03, 6.500000e+00
3.360313e+03, 7.000000e+00
3.360508e+03, 1.500000e+00
3.360704e+03, 7.000000e+00
3.360899e+03, 5.250000e+00
3.361095e+03, 8.250000e+00
3.361290e+03, 8.250000e+00
3.361486e+03, -5.250000e+00
3.361681e+03, 5.500000e+00
3.361877e+03, 2.250000e+00
3.362072e+03, 8.750000e+00
3.362268e+03, 1.575000e+01
3.362463e+03, 1.500000e+01
3.362659e+03, 2.125000e+01
3.362854e+03, 2.550000e+01
3.363050e+03, 1.700000e+01
3.363245e+03, 1.700000e+01
3.363441e+03, 2.050000e+01
3.363636e+03, 1.600000e+01
3.363832e+03, 1.075000e+01
3.364027e+03, -2.750000e+00
3.364223e+03, 5.000000e-01
3.364418e+03, 3.750000e+00
3.364614e+03, 1.225000e+01
3.364809e+03, 6.000000e+00
3.365005e+03, 9.500000e+00
3.365200e+03, 6.000000e+00
3.365396e+03, -1.125000e+01
3.365591e+03, -8.500000e+00
3.365787e+03, -7.000000e+00
3.365982e+03, -1.000000e+01
3.366178e+03, 2.500000e+00
3.366373e+03, -9.500000e+00
3.366569e+03, -2.000000e+00
3.366764e+03, 1.750000e+00
3.366960e+03, 5.250000e+00
3.367155e+03, 4.000000e+00
3.367351e+03, 1.125000e+01
3.367546e+03, 1.750000e+00
3.367742e+03, 0.000000e+00
3.367937e+03, 4.000000e+00
3.368133e+03, 3.000000e+00
3.368328e+03, -4.500000e+00
3.368524e+03, 9.500000e+00
3.368719e+03, 8.250000e+00
3.368915e+03, 5.750000e+00
3.369110e+03, 6.500000e+00
3.369306e+03, 1.050000e+01
3.369501e+03, 9.750000e+00
3.369697e+03, 4.500000e+00
3.369892e+03, 9.000000e+00
3.370088e+03, -2.500000e+00
3.370283e+03, -7.250000e+00
3.370479e+03, -9.500000e+00
3.370674e+03, 6.500000e+00
3.370870e+03, -1.500000e+00
3.371065e+03, 4.250000e+00
3.371261e+03, 1.125000e+01
3.371457e+03, 6.250000e+00
3.371652e+03, 7.500000e-01
3.371848e+03, 6.500000e+00
3.372043e+03, -4.250000e+00
3.372239e+03, 3.000000e+00
3.372434e+03, -7.750000e+00
3.372630e+03, 7.250000e+00
3.372825e+03, -1.500000e+00
3.373021e+03, 7.500000e+00
3.373216e+03, 6.500000e+00
3.373412e+03, 2.750000e+00
3.373607e+03, 7.250000e+00
3.373803e+03, 9.000000e+00
3.373998e+03, 5.250000e+00
3.374194e+03, 5.250000e+00
3.374389e+03, 0.000000e+00
3.374585e+03, -7.500000e-01
3.374780e+03, 5.750000e+00
3.374976e+03, 2.500000e+00
3.375171e+03, 8.250000e+00
3.375367e+03, 1.000000e+00
3.375562e+03, 6.500000e+00
3.375758e+03, -1.750000e+00
3.375953e+03, 5.750000e+00
3.376149e+03, 2.750000e+00
3.376344e+03, 1.250000e+00
3.376540e+03, -2.250000e+00
3.376735e+03, 7.500000e+00
3.376931e+03, 5.750000e+00
3.377126e+03, -3.500000e+00
3.377322e+03, 7.000000e+00
3.377517e+03, 5.000000e-01
3.377713e+03, -2.250000e+00
3.377908e+03, -5.500000e+00
3.378104e+03, -6.000000e+00
3.378299e+03, -6.250000e+00
3.378495e+03, -6.250000e+00
3.378690e+03, -8.000000e+00
3.378886e+03, -9.500000e+00
3.379081e+03, -6.000000e+00
3.379277e+03, 8.750000e+00
3.379472e+03, 1.325000e+01
3.379668e+03, 5.500000e+00
3.379863e+03, 9.750000e+00
3.380059e+03, 5.000000e+00
3.380254e+03, 4.500000e+00
3.380450e+03, 1.525000e+01
3.380645e+03, 7.500000e-01
3.380841e+03, 5.500000e+00
3.381036e+03, -1.075000e+01
3.381232e+03, -6.750000e+00
3.381427e+03, -9.500000e+00
3.381623e+03, -1.575000e+01
3.381818e+03, -9.750000e+00
3.382014e+03, -5.000000e-01
3.382209e+03, 1.250000e+01
3.382405e+03, 1.325000e+01
3.382600e+03, 7.500000e+00
3.382796e+03, -2.500000e-01
3.382991e+03, -5.000000e+00
3.383187e+03, -1.500000e+00
3.383382e+03, 5.750000e+00
3.383578e+03, 1.000000e+00
3.383773e+03, -4.500000e+00
3.383969e+03, -5.000000e+00
3.384164e+03, 8.000000e+00
3.384360e+03, 5.750000e+00
3.384555e+03, 3.500000e+00
3.384751e+03, -6.500000e+00
3.384946e+03, -1.300000e+01
3.385142e+03, 2.500000e-01
3.385337e+03, 1.100000e+01
3.385533e+03, 1.650000e+01
3.385728e+03, 2.150000e+01
3.385924e+03, 2.125000e+01
3.386119e+03, 1.400000e+01
3.386315e+03, 8.500000e+00
3.386510e+03, 9.750000e+00
3.386706e+03, 1.050000e+01
3.386901e+03, 3.000000e+00
3.387097e+03, 4.250000e+00
3.387292e+03, -5.250000e+00
3.387488e+03, -1.200000e+01
3.387683e+03, -1.800000e+01
3.387879e+03, -1.225000e+01
3.388074e+03, -7.750000e+00
3.388270e+03, -2.000000e+00
3.388465e+03, 3.250000e+00
3.388661e+03, -6.500000e+00
3.388856e+03, -1.200000e+01
3.389052e+03, -1.075000e+01
3.389247e+03, -1.000000e+00
3.389443e+03, 7.500000e+00
3.389638e+03, 1.450000e+01
3.389834e+03, 1.150000e+01
3.390029e+03, 1.125000e+01
3.390225e+03, -1.750000e+00
3.390420e+03, -2.500000e+00
3.390616e+03, -6.750000e+00
3.390811e+03, -2.500000e-01
3.391007e+03, -4.250000e+00
3.391202e+03, -2.750000e+00
3.391398e+03, -2.500000e-01
3.391593e+03, 1.800000e+01
3.391789e+03, 2.100000e+01
3.391984e+03, 2.300000e+01
3.392180e+03, 5.500000e+00
3.392375e+03, 5.750000e+00
3.392571e+03, 1.750000e+00
3.392766e+03, 4.250000e+00
3.392962e+03, 2.250000e+00
3.393157e+03, 6.750000e+00
3.393353e+03, 5.750000e+00
3.393548e+03, 5.500000e+00
3.393744e+03, 5.750000e+00
3.393939e+03, -2.500000e-01
3.394135e+03, 1.250000e+01
3.394330e+03, 9.000000e+00
3.394526e+03, 1.250000e+01
3.394721e+03, 8.750000e+00
3.394917e+03, -1.000000e+00
3.395112e+03, 6.250000e+00
3.395308e+03, -7.500000e-01
3.395503e+03, 7.250000e+00
3.395699e+03, 1.000000e+01
3.395894e+03, 4.250000e+00
3.396090e+03, -7.500000e+00
3.396285e+03, 4.000000e+00
3.396481e+03, 1.750000e+00
3.396676e+03, -7.500000e-01
3.396872e+03, 9.000000e+00
3.397067e+03, 1.775000e+01
3.397263e+03, 9.000000e+00
3.397458e+03, 1.250000e+01
3.397654e+03, 2.000000e+00
3.397849e+03, 3.250000e+00
3.398045e+03, 4.500000e+00
3.398240e+03, 1.125000e+01
3.398436e+03, 1.000000e+01
3.398631e+03, 1.450000e+01
3.398827e+03, 8.250000e+00
3.399022e+03, 1.375000e+01
3.399218e+03, 1.250000e+01
3.399413e+03, 1.000000e+01
3.399609e+03, 1.200000e+01
3.399804e+03, 1.000000e+01
3.400000e+03, 1.350000e+01
